year,month,severity,crashes,serious_crashes,serious_casualties,snapshot_id
2020,1,Hospitalisation,50,50,59,8c293a52745057c4
2020,1,Medical treatment,43,0,0,8c293a52745057c4
2020,1,Minor injury,31,0,0,8c293a52745057c4
2020,2,Hospitalisation,35,35,43,8c293a52745057c4
2020,2,Medical treatment,67,0,0,8c293a52745057c4
2020,2,Minor injury,19,0,0,8c293a52745057c4
2020,3,Fatal,4,4,5,8c293a52745057c4
2020,3,Hospitalisation,49,49,57,8c293a52745057c4
2020,3,Medical treatment,49,0,0,8c293a52745057c4
2020,3,Minor injury,16,0,0,8c293a52745057c4
2020,4,Fatal,2,2,2,8c293a52745057c4
2020,4,Hospitalisation,33,33,37,8c293a52745057c4
2020,4,Medical treatment,23,0,0,8c293a52745057c4
2020,4,Minor injury,12,0,0,8c293a52745057c4
2020,5,Hospitalisation,45,45,51,8c293a52745057c4
2020,5,Medical treatment,40,0,0,8c293a52745057c4
2020,5,Minor injury,25,0,0,8c293a52745057c4
2020,6,Fatal,1,1,1,8c293a52745057c4
2020,6,Hospitalisation,41,41,51,8c293a52745057c4
2020,6,Medical treatment,49,0,0,8c293a52745057c4
2020,6,Minor injury,24,0,0,8c293a52745057c4
2020,7,Fatal,2,2,5,8c293a52745057c4
2020,7,Hospitalisation,51,51,57,8c293a52745057c4
2020,7,Medical treatment,65,0,0,8c293a52745057c4
2020,7,Minor injury,21,0,0,8c293a52745057c4
2020,8,Fatal,1,1,4,8c293a52745057c4
2020,8,Hospitalisation,54,54,61,8c293a52745057c4
2020,8,Medical treatment,49,0,0,8c293a52745057c4
2020,8,Minor injury,30,0,0,8c293a52745057c4
2020,9,Hospitalisation,74,74,91,8c293a52745057c4
2020,9,Medical treatment,52,0,0,8c293a52745057c4
2020,9,Minor injury,24,0,0,8c293a52745057c4
2020,10,Fatal,1,1,1,8c293a52745057c4
2020,10,Hospitalisation,57,57,64,8c293a52745057c4
2020,10,Medical treatment,49,0,0,8c293a52745057c4
2020,10,Minor injury,32,0,0,8c293a52745057c4
2020,11,Fatal,3,3,4,8c293a52745057c4
2020,11,Hospitalisation,65,65,71,8c293a52745057c4
2020,11,Medical treatment,58,0,0,8c293a52745057c4
2020,11,Minor injury,28,0,0,8c293a52745057c4
2020,12,Fatal,3,3,4,8c293a52745057c4
2020,12,Hospitalisation,55,55,60,8c293a52745057c4
2020,12,Medical treatment,58,0,0,8c293a52745057c4
2020,12,Minor injury,24,0,0,8c293a52745057c4
2021,1,Hospitalisation,57,57,71,8c293a52745057c4
2021,1,Medical treatment,58,0,0,8c293a52745057c4
2021,1,Minor injury,21,0,0,8c293a52745057c4
2021,2,Fatal,1,1,3,8c293a52745057c4
2021,2,Hospitalisation,55,55,60,8c293a52745057c4
2021,2,Medical treatment,73,0,0,8c293a52745057c4
2021,2,Minor injury,25,0,0,8c293a52745057c4
2021,3,Hospitalisation,50,50,75,8c293a52745057c4
2021,3,Medical treatment,54,0,0,8c293a52745057c4
2021,3,Minor injury,21,0,0,8c293a52745057c4
2021,4,Fatal,2,2,2,8c293a52745057c4
2021,4,Hospitalisation,60,60,75,8c293a52745057c4
2021,4,Medical treatment,52,0,0,8c293a52745057c4
2021,4,Minor injury,30,0,0,8c293a52745057c4
2021,5,Fatal,1,1,3,8c293a52745057c4
2021,5,Hospitalisation,69,69,85,8c293a52745057c4
2021,5,Medical treatment,57,0,0,8c293a52745057c4
2021,5,Minor injury,34,0,0,8c293a52745057c4
2021,6,Fatal,1,1,1,8c293a52745057c4
2021,6,Hospitalisation,51,51,56,8c293a52745057c4
2021,6,Medical treatment,72,0,0,8c293a52745057c4
2021,6,Minor injury,29,0,0,8c293a52745057c4
2021,7,Hospitalisation,65,65,81,8c293a52745057c4
2021,7,Medical treatment,64,0,0,8c293a52745057c4
2021,7,Minor injury,24,0,0,8c293a52745057c4
2021,8,Fatal,4,4,4,8c293a52745057c4
2021,8,Hospitalisation,50,50,54,8c293a52745057c4
2021,8,Medical treatment,51,0,0,8c293a52745057c4
2021,8,Minor injury,29,0,0,8c293a52745057c4
2021,9,Fatal,1,1,1,8c293a52745057c4
2021,9,Hospitalisation,63,63,77,8c293a52745057c4
2021,9,Medical treatment,45,0,0,8c293a52745057c4
2021,9,Minor injury,20,0,0,8c293a52745057c4
2021,10,Fatal,4,4,6,8c293a52745057c4
2021,10,Hospitalisation,51,51,67,8c293a52745057c4
2021,10,Medical treatment,51,0,0,8c293a52745057c4
2021,10,Minor injury,26,0,0,8c293a52745057c4
2021,11,Hospitalisation,64,64,75,8c293a52745057c4
2021,11,Medical treatment,46,0,0,8c293a52745057c4
2021,11,Minor injury,23,0,0,8c293a52745057c4
2021,12,Fatal,1,1,1,8c293a52745057c4
2021,12,Hospitalisation,48,48,68,8c293a52745057c4
2021,12,Medical treatment,44,0,0,8c293a52745057c4
2021,12,Minor injury,25,0,0,8c293a52745057c4
2022,1,Hospitalisation,44,44,49,8c293a52745057c4
2022,1,Medical treatment,40,0,0,8c293a52745057c4
2022,1,Minor injury,32,0,0,8c293a52745057c4
2022,2,Fatal,3,3,3,8c293a52745057c4
2022,2,Hospitalisation,52,52,65,8c293a52745057c4
2022,2,Medical treatment,60,0,0,8c293a52745057c4
2022,2,Minor injury,26,0,0,8c293a52745057c4
2022,3,Fatal,1,1,1,8c293a52745057c4
2022,3,Hospitalisation,58,58,73,8c293a52745057c4
2022,3,Medical treatment,57,0,0,8c293a52745057c4
2022,3,Minor injury,25,0,0,8c293a52745057c4
2022,4,Hospitalisation,52,52,65,8c293a52745057c4
2022,4,Medical treatment,69,0,0,8c293a52745057c4
2022,4,Minor injury,25,0,0,8c293a52745057c4
2022,5,Fatal,1,1,1,8c293a52745057c4
2022,5,Hospitalisation,48,48,56,8c293a52745057c4
2022,5,Medical treatment,50,0,0,8c293a52745057c4
2022,5,Minor injury,17,0,0,8c293a52745057c4
2022,6,Fatal,2,2,2,8c293a52745057c4
2022,6,Hospitalisation,52,52,62,8c293a52745057c4
2022,6,Medical treatment,55,0,0,8c293a52745057c4
2022,6,Minor injury,33,0,0,8c293a52745057c4
2022,7,Hospitalisation,60,60,66,8c293a52745057c4
2022,7,Medical treatment,58,0,0,8c293a52745057c4
2022,7,Minor injury,41,0,0,8c293a52745057c4
2022,8,Hospitalisation,63,63,74,8c293a52745057c4
2022,8,Medical treatment,42,0,0,8c293a52745057c4
2022,8,Minor injury,33,0,0,8c293a52745057c4
2022,9,Fatal,1,1,3,8c293a52745057c4
2022,9,Hospitalisation,61,61,72,8c293a52745057c4
2022,9,Medical treatment,42,0,0,8c293a52745057c4
2022,9,Minor injury,31,0,0,8c293a52745057c4
2022,10,Fatal,2,2,4,8c293a52745057c4
2022,10,Hospitalisation,59,59,72,8c293a52745057c4
2022,10,Medical treatment,38,0,0,8c293a52745057c4
2022,10,Minor injury,20,0,0,8c293a52745057c4
2022,11,Fatal,4,4,5,8c293a52745057c4
2022,11,Hospitalisation,67,67,78,8c293a52745057c4
2022,11,Medical treatment,34,0,0,8c293a52745057c4
2022,11,Minor injury,31,0,0,8c293a52745057c4
2022,12,Fatal,2,2,6,8c293a52745057c4
2022,12,Hospitalisation,62,62,75,8c293a52745057c4
2022,12,Medical treatment,48,0,0,8c293a52745057c4
2022,12,Minor injury,25,0,0,8c293a52745057c4
2023,1,Fatal,2,2,2,8c293a52745057c4
2023,1,Hospitalisation,42,42,64,8c293a52745057c4
2023,1,Medical treatment,51,0,0,8c293a52745057c4
2023,1,Minor injury,22,0,0,8c293a52745057c4
2023,2,Hospitalisation,52,52,58,8c293a52745057c4
2023,2,Medical treatment,37,0,0,8c293a52745057c4
2023,2,Minor injury,20,0,0,8c293a52745057c4
2023,3,Fatal,2,2,3,8c293a52745057c4
2023,3,Hospitalisation,67,67,76,8c293a52745057c4
2023,3,Medical treatment,54,0,0,8c293a52745057c4
2023,3,Minor injury,36,0,0,8c293a52745057c4
2023,4,Fatal,1,1,1,8c293a52745057c4
2023,4,Hospitalisation,59,59,68,8c293a52745057c4
2023,4,Medical treatment,53,0,0,8c293a52745057c4
2023,4,Minor injury,23,0,0,8c293a52745057c4
2023,5,Fatal,1,1,1,8c293a52745057c4
2023,5,Hospitalisation,60,60,73,8c293a52745057c4
2023,5,Medical treatment,50,0,0,8c293a52745057c4
2023,5,Minor injury,38,0,0,8c293a52745057c4
2023,6,Hospitalisation,51,51,63,8c293a52745057c4
2023,6,Medical treatment,47,0,0,8c293a52745057c4
2023,6,Minor injury,30,0,0,8c293a52745057c4
2023,7,Fatal,2,2,2,8c293a52745057c4
2023,7,Hospitalisation,54,54,61,8c293a52745057c4
2023,7,Medical treatment,46,0,0,8c293a52745057c4
2023,7,Minor injury,33,0,0,8c293a52745057c4
2023,8,Fatal,3,3,3,8c293a52745057c4
2023,8,Hospitalisation,45,45,56,8c293a52745057c4
2023,8,Medical treatment,59,0,0,8c293a52745057c4
2023,8,Minor injury,37,0,0,8c293a52745057c4
2023,9,Fatal,2,2,2,8c293a52745057c4
2023,9,Hospitalisation,60,60,70,8c293a52745057c4
2023,9,Medical treatment,61,0,0,8c293a52745057c4
2023,9,Minor injury,23,0,0,8c293a52745057c4
2023,10,Fatal,1,1,1,8c293a52745057c4
2023,10,Hospitalisation,61,61,75,8c293a52745057c4
2023,10,Medical treatment,49,0,0,8c293a52745057c4
2023,10,Minor injury,31,0,0,8c293a52745057c4
2023,11,Fatal,1,1,2,8c293a52745057c4
2023,11,Hospitalisation,70,70,85,8c293a52745057c4
2023,11,Medical treatment,52,0,0,8c293a52745057c4
2023,11,Minor injury,30,0,0,8c293a52745057c4
2023,12,Fatal,1,1,1,8c293a52745057c4
2023,12,Hospitalisation,57,57,69,8c293a52745057c4
2023,12,Medical treatment,40,0,0,8c293a52745057c4
2023,12,Minor injury,26,0,0,8c293a52745057c4
2024,1,Fatal,1,1,1,8c293a52745057c4
2024,1,Hospitalisation,42,42,46,8c293a52745057c4
2024,1,Medical treatment,36,0,0,8c293a52745057c4
2024,1,Minor injury,32,0,0,8c293a52745057c4
2024,2,Fatal,1,1,1,8c293a52745057c4
2024,2,Hospitalisation,50,50,59,8c293a52745057c4
2024,2,Medical treatment,53,0,0,8c293a52745057c4
2024,2,Minor injury,31,0,0,8c293a52745057c4
2024,3,Fatal,3,3,4,8c293a52745057c4
2024,3,Hospitalisation,59,59,76,8c293a52745057c4
2024,3,Medical treatment,56,0,0,8c293a52745057c4
2024,3,Minor injury,34,0,0,8c293a52745057c4
2024,4,Fatal,2,2,2,8c293a52745057c4
2024,4,Hospitalisation,57,57,64,8c293a52745057c4
2024,4,Medical treatment,49,0,0,8c293a52745057c4
2024,4,Minor injury,28,0,0,8c293a52745057c4
2024,5,Hospitalisation,50,50,57,8c293a52745057c4
2024,5,Medical treatment,45,0,0,8c293a52745057c4
2024,5,Minor injury,37,0,0,8c293a52745057c4
2024,6,Fatal,3,3,4,8c293a52745057c4
2024,6,Hospitalisation,60,60,73,8c293a52745057c4
2024,6,Medical treatment,49,0,0,8c293a52745057c4
2024,6,Minor injury,48,0,0,8c293a52745057c4
2024,7,Fatal,3,3,3,8c293a52745057c4
2024,7,Hospitalisation,73,73,87,8c293a52745057c4
2024,7,Medical treatment,51,0,0,8c293a52745057c4
2024,7,Minor injury,44,0,0,8c293a52745057c4
2024,8,Fatal,1,1,5,8c293a52745057c4
2024,8,Hospitalisation,59,59,65,8c293a52745057c4
2024,8,Medical treatment,51,0,0,8c293a52745057c4
2024,8,Minor injury,31,0,0,8c293a52745057c4
2024,9,Hospitalisation,56,56,64,8c293a52745057c4
2024,9,Medical treatment,58,0,0,8c293a52745057c4
2024,9,Minor injury,37,0,0,8c293a52745057c4
2024,10,Fatal,2,2,4,8c293a52745057c4
2024,10,Hospitalisation,69,69,84,8c293a52745057c4
2024,10,Medical treatment,49,0,0,8c293a52745057c4
2024,10,Minor injury,27,0,0,8c293a52745057c4
2024,11,Fatal,1,1,3,8c293a52745057c4
2024,11,Hospitalisation,54,54,62,8c293a52745057c4
2024,11,Medical treatment,49,0,0,8c293a52745057c4
2024,11,Minor injury,31,0,0,8c293a52745057c4
2024,12,Hospitalisation,49,49,54,8c293a52745057c4
2024,12,Medical treatment,36,0,0,8c293a52745057c4
2024,12,Minor injury,31,0,0,8c293a52745057c4
