crashes,month,serious_casualties,serious_crashes,severity,snapshot_id,year
50,1,59,50,Hospitalisation,8c293a52745057c4,2020
43,1,0,0,Medical treatment,8c293a52745057c4,2020
31,1,0,0,Minor injury,8c293a52745057c4,2020
35,2,43,35,Hospitalisation,8c293a52745057c4,2020
67,2,0,0,Medical treatment,8c293a52745057c4,2020
19,2,0,0,Minor injury,8c293a52745057c4,2020
4,3,5,4,Fatal,8c293a52745057c4,2020
49,3,57,49,Hospitalisation,8c293a52745057c4,2020
49,3,0,0,Medical treatment,8c293a52745057c4,2020
16,3,0,0,Minor injury,8c293a52745057c4,2020
2,4,2,2,Fatal,8c293a52745057c4,2020
33,4,37,33,Hospitalisation,8c293a52745057c4,2020
23,4,0,0,Medical treatment,8c293a52745057c4,2020
12,4,0,0,Minor injury,8c293a52745057c4,2020
45,5,51,45,Hospitalisation,8c293a52745057c4,2020
40,5,0,0,Medical treatment,8c293a52745057c4,2020
25,5,0,0,Minor injury,8c293a52745057c4,2020
1,6,1,1,Fatal,8c293a52745057c4,2020
41,6,51,41,Hospitalisation,8c293a52745057c4,2020
49,6,0,0,Medical treatment,8c293a52745057c4,2020
24,6,0,0,Minor injury,8c293a52745057c4,2020
2,7,5,2,Fatal,8c293a52745057c4,2020
51,7,57,51,Hospitalisation,8c293a52745057c4,2020
65,7,0,0,Medical treatment,8c293a52745057c4,2020
21,7,0,0,Minor injury,8c293a52745057c4,2020
1,8,4,1,Fatal,8c293a52745057c4,2020
54,8,61,54,Hospitalisation,8c293a52745057c4,2020
49,8,0,0,Medical treatment,8c293a52745057c4,2020
30,8,0,0,Minor injury,8c293a52745057c4,2020
74,9,91,74,Hospitalisation,8c293a52745057c4,2020
52,9,0,0,Medical treatment,8c293a52745057c4,2020
24,9,0,0,Minor injury,8c293a52745057c4,2020
1,10,1,1,Fatal,8c293a52745057c4,2020
57,10,64,57,Hospitalisation,8c293a52745057c4,2020
49,10,0,0,Medical treatment,8c293a52745057c4,2020
32,10,0,0,Minor injury,8c293a52745057c4,2020
3,11,4,3,Fatal,8c293a52745057c4,2020
65,11,71,65,Hospitalisation,8c293a52745057c4,2020
58,11,0,0,Medical treatment,8c293a52745057c4,2020
28,11,0,0,Minor injury,8c293a52745057c4,2020
3,12,4,3,Fatal,8c293a52745057c4,2020
55,12,60,55,Hospitalisation,8c293a52745057c4,2020
58,12,0,0,Medical treatment,8c293a52745057c4,2020
24,12,0,0,Minor injury,8c293a52745057c4,2020
57,1,71,57,Hospitalisation,8c293a52745057c4,2021
58,1,0,0,Medical treatment,8c293a52745057c4,2021
21,1,0,0,Minor injury,8c293a52745057c4,2021
1,2,3,1,Fatal,8c293a52745057c4,2021
55,2,60,55,Hospitalisation,8c293a52745057c4,2021
73,2,0,0,Medical treatment,8c293a52745057c4,2021
25,2,0,0,Minor injury,8c293a52745057c4,2021
50,3,75,50,Hospitalisation,8c293a52745057c4,2021
54,3,0,0,Medical treatment,8c293a52745057c4,2021
21,3,0,0,Minor injury,8c293a52745057c4,2021
2,4,2,2,Fatal,8c293a52745057c4,2021
60,4,75,60,Hospitalisation,8c293a52745057c4,2021
52,4,0,0,Medical treatment,8c293a52745057c4,2021
30,4,0,0,Minor injury,8c293a52745057c4,2021
1,5,3,1,Fatal,8c293a52745057c4,2021
69,5,85,69,Hospitalisation,8c293a52745057c4,2021
57,5,0,0,Medical treatment,8c293a52745057c4,2021
34,5,0,0,Minor injury,8c293a52745057c4,2021
1,6,1,1,Fatal,8c293a52745057c4,2021
51,6,56,51,Hospitalisation,8c293a52745057c4,2021
72,6,0,0,Medical treatment,8c293a52745057c4,2021
29,6,0,0,Minor injury,8c293a52745057c4,2021
65,7,81,65,Hospitalisation,8c293a52745057c4,2021
64,7,0,0,Medical treatment,8c293a52745057c4,2021
24,7,0,0,Minor injury,8c293a52745057c4,2021
4,8,4,4,Fatal,8c293a52745057c4,2021
50,8,54,50,Hospitalisation,8c293a52745057c4,2021
51,8,0,0,Medical treatment,8c293a52745057c4,2021
29,8,0,0,Minor injury,8c293a52745057c4,2021
1,9,1,1,Fatal,8c293a52745057c4,2021
63,9,77,63,Hospitalisation,8c293a52745057c4,2021
45,9,0,0,Medical treatment,8c293a52745057c4,2021
20,9,0,0,Minor injury,8c293a52745057c4,2021
4,10,6,4,Fatal,8c293a52745057c4,2021
51,10,67,51,Hospitalisation,8c293a52745057c4,2021
51,10,0,0,Medical treatment,8c293a52745057c4,2021
26,10,0,0,Minor injury,8c293a52745057c4,2021
64,11,75,64,Hospitalisation,8c293a52745057c4,2021
46,11,0,0,Medical treatment,8c293a52745057c4,2021
23,11,0,0,Minor injury,8c293a52745057c4,2021
1,12,1,1,Fatal,8c293a52745057c4,2021
48,12,68,48,Hospitalisation,8c293a52745057c4,2021
44,12,0,0,Medical treatment,8c293a52745057c4,2021
25,12,0,0,Minor injury,8c293a52745057c4,2021
44,1,49,44,Hospitalisation,8c293a52745057c4,2022
40,1,0,0,Medical treatment,8c293a52745057c4,2022
32,1,0,0,Minor injury,8c293a52745057c4,2022
3,2,3,3,Fatal,8c293a52745057c4,2022
52,2,65,52,Hospitalisation,8c293a52745057c4,2022
60,2,0,0,Medical treatment,8c293a52745057c4,2022
26,2,0,0,Minor injury,8c293a52745057c4,2022
1,3,1,1,Fatal,8c293a52745057c4,2022
58,3,73,58,Hospitalisation,8c293a52745057c4,2022
57,3,0,0,Medical treatment,8c293a52745057c4,2022
25,3,0,0,Minor injury,8c293a52745057c4,2022
52,4,65,52,Hospitalisation,8c293a52745057c4,2022
69,4,0,0,Medical treatment,8c293a52745057c4,2022
25,4,0,0,Minor injury,8c293a52745057c4,2022
1,5,1,1,Fatal,8c293a52745057c4,2022
48,5,56,48,Hospitalisation,8c293a52745057c4,2022
50,5,0,0,Medical treatment,8c293a52745057c4,2022
17,5,0,0,Minor injury,8c293a52745057c4,2022
2,6,2,2,Fatal,8c293a52745057c4,2022
52,6,62,52,Hospitalisation,8c293a52745057c4,2022
55,6,0,0,Medical treatment,8c293a52745057c4,2022
33,6,0,0,Minor injury,8c293a52745057c4,2022
60,7,66,60,Hospitalisation,8c293a52745057c4,2022
58,7,0,0,Medical treatment,8c293a52745057c4,2022
41,7,0,0,Minor injury,8c293a52745057c4,2022
63,8,74,63,Hospitalisation,8c293a52745057c4,2022
42,8,0,0,Medical treatment,8c293a52745057c4,2022
33,8,0,0,Minor injury,8c293a52745057c4,2022
1,9,3,1,Fatal,8c293a52745057c4,2022
61,9,72,61,Hospitalisation,8c293a52745057c4,2022
42,9,0,0,Medical treatment,8c293a52745057c4,2022
31,9,0,0,Minor injury,8c293a52745057c4,2022
2,10,4,2,Fatal,8c293a52745057c4,2022
59,10,72,59,Hospitalisation,8c293a52745057c4,2022
38,10,0,0,Medical treatment,8c293a52745057c4,2022
20,10,0,0,Minor injury,8c293a52745057c4,2022
4,11,5,4,Fatal,8c293a52745057c4,2022
67,11,78,67,Hospitalisation,8c293a52745057c4,2022
34,11,0,0,Medical treatment,8c293a52745057c4,2022
31,11,0,0,Minor injury,8c293a52745057c4,2022
2,12,6,2,Fatal,8c293a52745057c4,2022
62,12,75,62,Hospitalisation,8c293a52745057c4,2022
48,12,0,0,Medical treatment,8c293a52745057c4,2022
25,12,0,0,Minor injury,8c293a52745057c4,2022
2,1,2,2,Fatal,8c293a52745057c4,2023
42,1,64,42,Hospitalisation,8c293a52745057c4,2023
51,1,0,0,Medical treatment,8c293a52745057c4,2023
22,1,0,0,Minor injury,8c293a52745057c4,2023
52,2,58,52,Hospitalisation,8c293a52745057c4,2023
37,2,0,0,Medical treatment,8c293a52745057c4,2023
20,2,0,0,Minor injury,8c293a52745057c4,2023
2,3,3,2,Fatal,8c293a52745057c4,2023
67,3,76,67,Hospitalisation,8c293a52745057c4,2023
54,3,0,0,Medical treatment,8c293a52745057c4,2023
36,3,0,0,Minor injury,8c293a52745057c4,2023
1,4,1,1,Fatal,8c293a52745057c4,2023
59,4,68,59,Hospitalisation,8c293a52745057c4,2023
53,4,0,0,Medical treatment,8c293a52745057c4,2023
23,4,0,0,Minor injury,8c293a52745057c4,2023
1,5,1,1,Fatal,8c293a52745057c4,2023
60,5,73,60,Hospitalisation,8c293a52745057c4,2023
50,5,0,0,Medical treatment,8c293a52745057c4,2023
38,5,0,0,Minor injury,8c293a52745057c4,2023
51,6,63,51,Hospitalisation,8c293a52745057c4,2023
47,6,0,0,Medical treatment,8c293a52745057c4,2023
30,6,0,0,Minor injury,8c293a52745057c4,2023
2,7,2,2,Fatal,8c293a52745057c4,2023
54,7,61,54,Hospitalisation,8c293a52745057c4,2023
46,7,0,0,Medical treatment,8c293a52745057c4,2023
33,7,0,0,Minor injury,8c293a52745057c4,2023
3,8,3,3,Fatal,8c293a52745057c4,2023
45,8,56,45,Hospitalisation,8c293a52745057c4,2023
59,8,0,0,Medical treatment,8c293a52745057c4,2023
37,8,0,0,Minor injury,8c293a52745057c4,2023
2,9,2,2,Fatal,8c293a52745057c4,2023
60,9,70,60,Hospitalisation,8c293a52745057c4,2023
61,9,0,0,Medical treatment,8c293a52745057c4,2023
23,9,0,0,Minor injury,8c293a52745057c4,2023
1,10,1,1,Fatal,8c293a52745057c4,2023
61,10,75,61,Hospitalisation,8c293a52745057c4,2023
49,10,0,0,Medical treatment,8c293a52745057c4,2023
31,10,0,0,Minor injury,8c293a52745057c4,2023
1,11,2,1,Fatal,8c293a52745057c4,2023
70,11,85,70,Hospitalisation,8c293a52745057c4,2023
52,11,0,0,Medical treatment,8c293a52745057c4,2023
30,11,0,0,Minor injury,8c293a52745057c4,2023
1,12,1,1,Fatal,8c293a52745057c4,2023
57,12,69,57,Hospitalisation,8c293a52745057c4,2023
40,12,0,0,Medical treatment,8c293a52745057c4,2023
26,12,0,0,Minor injury,8c293a52745057c4,2023
1,1,1,1,Fatal,8c293a52745057c4,2024
42,1,46,42,Hospitalisation,8c293a52745057c4,2024
36,1,0,0,Medical treatment,8c293a52745057c4,2024
32,1,0,0,Minor injury,8c293a52745057c4,2024
1,2,1,1,Fatal,8c293a52745057c4,2024
50,2,59,50,Hospitalisation,8c293a52745057c4,2024
53,2,0,0,Medical treatment,8c293a52745057c4,2024
31,2,0,0,Minor injury,8c293a52745057c4,2024
3,3,4,3,Fatal,8c293a52745057c4,2024
59,3,76,59,Hospitalisation,8c293a52745057c4,2024
56,3,0,0,Medical treatment,8c293a52745057c4,2024
34,3,0,0,Minor injury,8c293a52745057c4,2024
2,4,2,2,Fatal,8c293a52745057c4,2024
57,4,64,57,Hospitalisation,8c293a52745057c4,2024
49,4,0,0,Medical treatment,8c293a52745057c4,2024
28,4,0,0,Minor injury,8c293a52745057c4,2024
50,5,57,50,Hospitalisation,8c293a52745057c4,2024
45,5,0,0,Medical treatment,8c293a52745057c4,2024
37,5,0,0,Minor injury,8c293a52745057c4,2024
3,6,4,3,Fatal,8c293a52745057c4,2024
60,6,73,60,Hospitalisation,8c293a52745057c4,2024
49,6,0,0,Medical treatment,8c293a52745057c4,2024
48,6,0,0,Minor injury,8c293a52745057c4,2024
3,7,3,3,Fatal,8c293a52745057c4,2024
73,7,87,73,Hospitalisation,8c293a52745057c4,2024
51,7,0,0,Medical treatment,8c293a52745057c4,2024
44,7,0,0,Minor injury,8c293a52745057c4,2024
1,8,5,1,Fatal,8c293a52745057c4,2024
59,8,65,59,Hospitalisation,8c293a52745057c4,2024
51,8,0,0,Medical treatment,8c293a52745057c4,2024
31,8,0,0,Minor injury,8c293a52745057c4,2024
56,9,64,56,Hospitalisation,8c293a52745057c4,2024
58,9,0,0,Medical treatment,8c293a52745057c4,2024
37,9,0,0,Minor injury,8c293a52745057c4,2024
2,10,4,2,Fatal,8c293a52745057c4,2024
69,10,84,69,Hospitalisation,8c293a52745057c4,2024
49,10,0,0,Medical treatment,8c293a52745057c4,2024
27,10,0,0,Minor injury,8c293a52745057c4,2024
1,11,3,1,Fatal,8c293a52745057c4,2024
54,11,62,54,Hospitalisation,8c293a52745057c4,2024
49,11,0,0,Medical treatment,8c293a52745057c4,2024
31,11,0,0,Minor injury,8c293a52745057c4,2024
49,12,54,49,Hospitalisation,8c293a52745057c4,2024
36,12,0,0,Medical treatment,8c293a52745057c4,2024
31,12,0,0,Minor injury,8c293a52745057c4,2024
