cell_id,clipped_area_km2,serious_count,rank,suburbs,holdout_serious_count
1062_13830,0.25,17,1,"Helensvale, Oxenford",5
1062_13826,0.25,15,2,"Helensvale, Oxenford",8
1084_13805,0.19017521240983212,13,3,Surfers Paradise,3
1061_13832,0.25,11,4,"Oxenford, Upper Coomera",1
1067_13816,0.25,11,5,"Arundel, Gaven",6
1074_13810,0.25,11,6,"Ashmore, Molendinar",1
1081_13811,0.25,11,7,Southport,2
1083_13797,0.25,11,8,Broadbeach Waters,2
1061_13835,0.25,10,9,"Coomera, Upper Coomera",1
1067_13815,0.25,10,10,"Gaven, Arundel",1
1073_13820,0.25,10,11,"Coombabah, Arundel",1
1080_13814,0.25,10,12,Southport,4
1083_13805,0.25,10,13,Surfers Paradise,0
1084_13804,0.21448116171570586,10,14,Surfers Paradise,2
1060_13836,0.25,9,15,"Upper Coomera, Coomera",1
1066_13807,0.25,9,16,Nerang,5
1067_13810,0.25,9,17,"Nerang, Gaven",2
1079_13811,0.25,9,18,Southport,2
1081_13805,0.25,9,19,"Bundall, Southport",2
1084_13806,0.16968702078031375,9,20,Surfers Paradise,6
1047_13859,0.25,8,21,"Ormeau, Yatala",0
1050_13852,0.25,8,22,Ormeau,1
1060_13837,0.25,8,23,"Coomera, Upper Coomera",4
1062_13831,0.25,8,24,"Helensvale, Oxenford",3
1066_13806,0.25,8,25,Nerang,0
1066_13822,0.25,8,26,Helensvale,0
1072_13803,0.25,8,27,Carrara,3
1072_13809,0.25,8,28,"Molendinar, Ashmore",0
1074_13813,0.25,8,29,"Molendinar, Southport",0
1076_13810,0.25,8,30,"Southport, Ashmore",0
1079_13782,0.25,8,31,"Varsity Lakes, Reedy Creek",0
1080_13802,0.25,8,32,"Bundall, Surfers Paradise",1
1080_13817,0.25,8,33,Labrador,0
1081_13813,0.25,8,34,Southport,3
1083_13783,0.25,8,35,"Burleigh Waters, Burleigh Heads",4
1083_13786,0.25,8,36,"Burleigh Waters, Varsity Lakes",2
1084_13801,0.25,8,37,"Surfers Paradise, Broadbeach",1
1084_13803,0.23457420392269357,8,38,Surfers Paradise,1
1087_13788,0.23067031367384136,8,39,"Miami, Burleigh Heads",3
1045_13863,0.25,7,40,"Yatala, Stapylton",1
